customer_id,name,city,signup_year
1,Ana Lopez,Venice,2021
2,Ben Kim,Culver City,2023
3,Chloe Nguyen,Santa Monica,2021
4,Dev Patel,Los Angeles,2026
5,Elena Garcia,Culver City,2022
6,Farid Okafor,Culver City,2024
7,Grace Silva,Culver City,2025
8,Hugo Chen,Culver City,2023
9,Iris Ali,Inglewood,2026
10,Jon Brooks,Santa Monica,2021
11,Kai Lopez,Los Angeles,2022
12,Lena Kim,Santa Monica,2022
13,Marco Nguyen,Los Angeles,2021
14,Nina Patel,Inglewood,2022
15,Omar Garcia,Santa Monica,2022
16,Priya Okafor,Culver City,2025
17,Quinn Silva,Santa Monica,2022
18,Rosa Chen,Torrance,2026
19,Sam Ali,Inglewood,2025
20,Tara Brooks,Los Angeles,2026
21,Ana Lopez,Los Angeles,2021
22,Ben Kim,Santa Monica,2026
23,Chloe Nguyen,Culver City,2024
24,Dev Patel,Inglewood,2026
25,Elena Garcia,Venice,2023
26,Farid Okafor,Torrance,2026
27,Grace Silva,Culver City,2024
28,Hugo Chen,Los Angeles,2021
29,Iris Ali,Culver City,2023
30,Jon Brooks,Los Angeles,2021
31,Kai Lopez,Torrance,2026
32,Lena Kim,Los Angeles,2022
33,Marco Nguyen,Culver City,2022
34,Nina Patel,Venice,2024
35,Omar Garcia,Santa Monica,2023
36,Priya Okafor,Culver City,2021
37,Quinn Silva,Culver City,2025
38,Rosa Chen,Los Angeles,2026
39,Sam Ali,Santa Monica,2025
40,Tara Brooks,Santa Monica,2024
