order_id,customer_id,product,category,amount,order_date
5000,4,paper,office,14.09,2026-05-25
5001,15,planner,office,51.86,2026-05-08
5002,34,shelf,furniture,116.25,2026-06-03
5003,2,granola,snacks,19.72,2026-05-19
5004,17,monitor,electronics,284.8,2026-05-10
5005,16,monitor,electronics,66.1,2026-06-10
5006,27,headset,electronics,86.67,2026-06-08
5007,36,dock,electronics,103.77,2026-05-21
5008,30,headset,electronics,267.39,2026-06-08
5009,14,chair,furniture,107.2,2026-05-24
5010,3,pens,office,56.7,2026-05-08
5011,12,headset,electronics,174.59,2026-06-04
5012,900,planner,office,34.51,2026-05-24
5013,8,pens,office,11.91,2026-05-06
5014,6,monitor,electronics,287.83,2026-05-22
5015,7,paper,office,16.42,2026-05-25
5016,7,granola,snacks,5.62,2026-05-02
5017,3,headset,electronics,198.11,2026-05-15
5018,27,coffee,snacks,14.7,2026-05-19
5019,33,granola,snacks,21.0,2026-06-14
5020,34,pens,office,13.41,2026-05-22
5021,38,shelf,furniture,69.52,2026-05-16
5022,3,dock,electronics,201.9,2026-06-05
5023,9,desk,furniture,100.27,2026-06-05
5024,31,chair,furniture,181.41,2026-05-20
5025,36,chair,furniture,113.37,2026-06-14
5026,18,paper,office,12.1,2026-05-21
5027,7,granola,snacks,11.64,2026-05-29
5028,29,shelf,furniture,197.97,2026-05-15
5029,3,planner,office,37.98,2026-05-30
5030,23,chair,furniture,125.12,2026-06-12
5031,24,monitor,electronics,259.96,2026-05-31
5032,30,granola,snacks,22.63,2026-05-21
5033,31,planner,office,34.23,2026-06-14
5034,29,headset,electronics,286.36,2026-05-14
5035,36,shelf,furniture,136.6,2026-06-03
5036,30,dock,electronics,172.32,2026-06-02
5037,17,planner,office,40.59,2026-05-19
5038,11,chair,furniture,143.61,2026-05-19
5039,6,tea,snacks,17.68,2026-05-05
5040,36,chair,furniture,63.76,2026-05-30
5041,38,granola,snacks,20.12,2026-05-09
5042,7,coffee,snacks,17.69,2026-05-12
5043,12,coffee,snacks,6.05,2026-05-13
5044,30,paper,office,55.07,2026-05-31
5045,31,granola,snacks,18.43,2026-05-25
5046,13,shelf,furniture,108.47,2026-05-28
5047,901,headset,electronics,293.79,2026-05-15
5048,22,planner,office,6.28,2026-05-31
5049,15,shelf,furniture,175.94,2026-06-09
5050,14,monitor,electronics,262.04,2026-06-12
5051,18,tea,snacks,13.78,2026-05-25
5052,17,granola,snacks,8.37,2026-05-16
5053,38,granola,snacks,21.55,2026-06-11
5054,10,dock,electronics,238.81,2026-06-03
5055,28,monitor,electronics,158.68,2026-05-22
5056,13,chair,furniture,114.97,2026-05-30
5057,12,paper,office,27.55,2026-05-27
5058,23,chair,furniture,223.51,2026-06-06
5059,19,pens,office,23.49,2026-05-01
5060,28,dock,electronics,75.97,2026-06-07
5061,19,desk,furniture,134.11,2026-05-06
5062,2,planner,office,13.47,2026-05-09
5063,12,pens,office,56.31,2026-05-28
5064,24,desk,furniture,86.22,2026-05-04
5065,9,headset,electronics,270.06,2026-05-13
5066,24,paper,office,50.79,2026-05-06
5067,10,headset,electronics,183.57,2026-05-20
5068,1,pens,office,40.9,2026-05-31
5069,5,monitor,electronics,174.28,2026-06-14
5070,13,chair,furniture,245.57,2026-06-02
5071,9,paper,office,28.36,2026-05-21
5072,13,pens,office,24.43,2026-05-31
5073,38,shelf,furniture,216.03,2026-06-07
5074,29,pens,office,46.19,2026-05-15
5075,11,monitor,electronics,272.19,2026-05-23
5076,14,chair,furniture,78.26,2026-06-09
5077,21,paper,office,8.71,2026-05-25
5078,35,dock,electronics,153.44,2026-05-01
5079,30,dock,electronics,209.59,2026-05-02
5080,3,pens,office,13.08,2026-05-08
5081,19,pens,office,34.64,2026-06-07
5082,22,dock,electronics,142.57,2026-05-05
5083,9,shelf,furniture,202.94,2026-05-12
5084,13,shelf,furniture,148.29,2026-06-03
5085,26,pens,office,16.46,2026-05-10
5086,14,coffee,snacks,4.89,2026-05-06
5087,3,headset,electronics,254.01,2026-05-08
5088,40,shelf,furniture,86.07,2026-06-14
5089,8,dock,electronics,142.16,2026-05-21
5090,19,coffee,snacks,22.2,2026-06-13
5091,38,chair,furniture,184.65,2026-05-10
5092,30,planner,office,36.15,2026-06-03
5093,19,paper,office,44.08,2026-06-07
5094,15,shelf,furniture,174.3,2026-05-03
5095,11,desk,furniture,139.54,2026-05-12
5096,7,headset,electronics,185.92,2026-06-07
5097,7,coffee,snacks,14.48,2026-05-13
5098,34,paper,office,42.22,2026-05-26
5099,902,pens,office,16.68,2026-05-01
5100,34,granola,snacks,6.78,2026-05-30
5101,34,dock,electronics,163.78,2026-05-22
5102,19,planner,office,16.83,2026-05-03
5103,2,paper,office,42.37,2026-05-09
5104,5,tea,snacks,7.55,2026-05-05
5105,27,desk,furniture,85.59,2026-05-08
5106,10,monitor,electronics,133.8,2026-05-15
5107,38,shelf,furniture,110.31,2026-05-17
5108,2,pens,office,53.86,2026-05-10
5109,3,chair,furniture,80.41,2026-05-05
5110,8,pens,office,11.71,2026-05-28
5111,28,tea,snacks,21.04,2026-06-03
5112,9,headset,electronics,51.49,2026-06-14
5113,4,headset,electronics,286.65,2026-05-15
5114,33,granola,snacks,6.75,2026-06-06
5115,12,pens,office,32.15,2026-05-23
5116,32,tea,snacks,11.75,2026-05-18
5117,9,paper,office,22.66,2026-05-06
5118,2,tea,snacks,22.06,2026-05-05
5119,18,shelf,furniture,137.65,2026-05-17
5120,33,granola,snacks,23.39,2026-05-29
5121,11,shelf,furniture,122.56,2026-05-18
5122,12,tea,snacks,13.16,2026-05-26
5123,39,planner,office,22.64,2026-05-25
5124,13,monitor,electronics,64.61,2026-05-18
5125,35,chair,furniture,133.93,2026-06-02
5126,22,coffee,snacks,19.62,2026-05-26
5127,8,shelf,furniture,236.23,2026-06-07
5128,27,dock,electronics,53.67,2026-05-31
5129,37,tea,snacks,23.33,2026-05-18
5130,38,granola,snacks,3.85,2026-05-01
5131,14,granola,snacks,3.58,2026-05-26
5132,9,headset,electronics,169.07,2026-06-08
5133,38,paper,office,48.27,2026-05-01
5134,35,tea,snacks,11.21,2026-06-09
5135,18,dock,electronics,81.75,2026-05-13
5136,10,dock,electronics,179.49,2026-05-23
5137,35,monitor,electronics,262.47,2026-06-13
5138,24,tea,snacks,22.32,2026-05-27
5139,21,headset,electronics,250.85,2026-05-05
5140,30,headset,electronics,295.36,2026-05-26
5141,6,tea,snacks,11.14,2026-05-20
5142,9,dock,electronics,246.64,2026-05-06
5143,30,dock,electronics,118.99,2026-05-13
5144,21,headset,electronics,175.32,2026-05-02
5145,26,pens,office,13.99,2026-06-01
5146,6,monitor,electronics,200.87,2026-05-17
5147,38,chair,furniture,159.23,2026-05-21
5148,20,planner,office,15.37,2026-05-07
5149,8,headset,electronics,286.3,2026-05-05
5150,903,monitor,electronics,293.35,2026-06-06
5151,36,shelf,furniture,225.57,2026-05-30
5152,15,paper,office,28.71,2026-05-20
5153,20,dock,electronics,499.0,2026-05-25
5154,22,chair,furniture,194.1,2026-05-02
5155,13,desk,furniture,68.57,2026-06-10
5156,12,coffee,snacks,5.59,2026-06-07
5157,29,headset,electronics,80.5,2026-06-07
5158,29,headset,electronics,187.54,2026-06-11
5159,7,granola,snacks,4.39,2026-05-21
5160,21,paper,office,15.41,2026-05-14
5161,27,dock,electronics,64.51,2026-06-13
5162,6,dock,electronics,255.8,2026-06-01
5163,26,chair,furniture,239.24,2026-06-07
5164,16,tea,snacks,15.0,2026-06-05
5165,18,granola,snacks,24.38,2026-06-10
5166,35,tea,snacks,13.04,2026-05-22
5167,5,paper,office,26.53,2026-05-17
5168,29,shelf,furniture,208.18,2026-05-04
5169,4,monitor,electronics,199.18,2026-06-11
5170,12,pens,office,16.32,2026-05-08
5171,27,granola,snacks,14.35,2026-05-10
5172,23,coffee,snacks,8.2,2026-06-13
5173,6,paper,office,8.48,2026-05-07
5174,11,headset,electronics,277.24,2026-05-26
5175,21,desk,furniture,98.35,2026-05-29
5176,25,granola,snacks,22.01,2026-05-28
5177,19,monitor,electronics,63.55,2026-05-16
5178,34,planner,office,57.01,2026-05-20
5179,17,paper,office,34.73,2026-06-04
5180,7,desk,furniture,184.11,2026-05-15
5181,31,dock,electronics,99.45,2026-05-20
5182,31,coffee,snacks,23.61,2026-05-08
5183,22,tea,snacks,13.95,2026-05-05
5184,12,dock,electronics,153.53,2026-05-23
5185,37,headset,electronics,164.27,2026-05-22
5186,10,coffee,snacks,16.05,2026-05-04
5187,24,desk,furniture,69.66,2026-05-29
5188,904,headset,electronics,273.16,2026-05-22
5189,29,shelf,furniture,216.22,2026-05-03
5190,19,shelf,furniture,141.35,2026-06-05
5191,13,headset,electronics,204.08,2026-06-08
5192,38,pens,office,41.95,2026-05-30
5193,26,desk,furniture,140.77,2026-05-17
5194,20,planner,office,45.51,2026-05-23
5195,14,chair,furniture,201.59,2026-05-10
5196,5,pens,office,39.48,2026-05-09
5197,23,monitor,electronics,110.87,2026-06-10
5198,12,monitor,electronics,80.15,2026-06-13
5199,8,pens,office,34.12,2026-05-14
